buyer_external_id,business_name,buyer_type,commodities_text,purchase_mode,location,procurement_area,evidence_of_procurement,buyer_procurement_signal,required_quantity,likely_buyer_segments,logistics_cold_chain,public_phone,public_email,source_url,source_type,last_verified,confidence,research_status_notes
B001,Mulyam Agronomics,Fresh produce procurement / B2B buyer network,Fruits; vegetables,Bulk / B2B,Pune (Balewadi/Baner); Kalamb collection centre,Pune & surrounding sourcing network,Current procurement evidence,Procures fresh fruits/vegetables from farmer partners; buyer network 294+ reported,Not publicly stated,B2B buyers; retail/foodservice,Cold-chain / fresh logistics indicated,+91-9890255532,info@mulyam.in,https://mulyam.in/,Official company site,2026-08-27,High,Strong local buyer/procurement lead
B002,Tarkaree Agritech Pvt Ltd,Fresh produce aggregator / B2B supplier-procurer,Vegetables,Bulk / B2B,"Kamthadi, Taluka Bhor, Pune",Pune & Mumbai,Direct farm sourcing,"B2B only; aggregates, grades and packs vegetables at Kamthadi hub; doorstep B2B delivery",Not publicly stated,"Restaurants, retailers, institutional B2B",Cold-chain not clearly stated,+91-9673941999,team@tarkaree.in,https://tarkaree.in/,Official company site,2026-08-27,High,Strong local procurement lead
B003,Purpelo Fresh (K. D. Choudhari's Purpelo Fresh Pvt Ltd),Fresh fruit procurement / wholesale,Fruits,Bulk / B2B,"Gultekdi Market Yard, Pune 411037",Pune & Maharashtra,Direct farmer sourcing,"Fresh fruit procurement, wholesale supply, corporate fruit solutions, bulk procurement",Not publicly stated,Corporate / wholesale buyers,Logistics/QC stated, +91-8669660892; +91-9130209071; +91-8975576517,Public site contacts,https://www.purpelo.com/,Company site / LinkedIn,2026-08-27,High,Strong procurement lead
B004,IndiaQo Foods Pvt Ltd,Food processor / industrial buyer,Sweet corn; diced vegetables; frozen vegetables,Industrial / bulk,"Hadapsar, Pune 411028",India-wide procurement; Pune office,Fresh vegetable procurement,Fresh vegetables procured by procurement & quality team; year-round frozen supply; refrigerated containers,Not publicly stated,Retail; foodservice; industrial,Refrigerated logistics,020-6727-2233,info@indiaqofoods.com,https://indiaqofoods.com/,Official company site,2026-08-27,High,Strong processor/buyer lead
B005,Fruitly Agro Solutions,Fruit procurement / distributor / exporter,Fruits,Bulk / export / wholesale,"Katraj, Pune 411046",India sourcing; Pune base,Direct farm sourcing,"Fruit procurement, distribution, export; bulk supply to wholesalers, retailers, distributors and international buyers",+91 91450 00891,Wholesalers; retailers; distributors; export buyers,Not clearly stated,+91 91450 00891,fruitlyagro@gmail.com,https://fruitly.in/,Official company site,2026-08-27,High,Procurement/export lead
B006,Ocean Empire,Agri exporter / source-to-market buyer,Agricultural products; poultry; food commodities,Bulk / export,Pune,India sourcing,Direct source linkage,"Pune-based exporter; states it is not a broker/trading house and sources from farmers, sheds and processing units",Not publicly stated,Export / institutional buyers,Not clearly stated,Not publicly stated,Not publicly stated,https://www.oceanempire.in/,Official company site,2026-08-27,Medium-High,Procurement/export lead
B007,Rainbow Global Exim,Agri exporter / bulk procurement,Red onion; rice; turmeric; green chilli; Alphonso mango,Bulk / export,"Bhor, Pune 412213",Maharashtra & India,Direct sourcing from farmers/local suppliers,Pune/Bhor base; direct farmer/local supplier ties; export portfolio,Not publicly stated,International buyers; wholesalers,Not clearly stated,+91-9325746337; +91-9272130703,rainbowglobalexim@gmail.com,https://www.rainbowglobalexim.com/,Official company site,2026-08-27,High,Strong Bhor-area procurement lead
B008,RAJPUT OVERSEAS EXIM,Wholesale / export / procurement,Coconut; banana; onion; apples; oranges; grapes; guava; green chilli; potato,Bulk / wholesale / export,"Kharadi, Pune 411014",India / multi-state,Direct sourcing from farmers & FPOs,"Grading, sorting, packaging; bulk supply to large-scale buyers, retail, quick commerce and HORECA",Not publicly stated,Large buyers; retail; quick commerce; HORECA,Logistics/packaging indicated,Not publicly stated,Not publicly stated,https://www.rajputoverseasexim.com/,Company site / public company profile,2026-08-27,High,Strong procurement lead
B009,Agrinexus,Agri processor / exporter / sourcing,Pomegranate arils; juices; fruit pulps; fruits & vegetables,Bulk / processing / export,"Baner, Pune 411045",FPOs and farm networks,Direct sourcing through FPOs and trusted farm networks,Agri-processing/export facilitation; integrated processing/cold-chain facility scheduled for Oct 2026,Not publicly stated,Export / processors / institutional buyers,Cold-chain planned / integrated, +91-9922039999; +91-7774812002,info@agrinexus.in,https://agrinexus.in/,Official company site,2026-08-27,Medium,Future-capacity buyer lead; revalidate
B010,Eco Green Trading,Agri trader / exporter / procurement,Fresh fruits; vegetables; fresh/frozen/dehydrated products,Bulk / export,"Kasarwadi, Pune 411034",India sourcing,Direct sourcing from Indian farmers and own farms,Fresh/frozen/dehydrated agriculture products; export,Not publicly stated,Wholesale/export buyers,Not clearly stated,+91-98231-54554,ecogreentrading23@gmail.com,https://ecogreentrading.com/,Official company site,2026-08-27,Medium-High,Procurement/export lead
B011,WayCool Foods & Products Pvt Ltd,Agri supply-chain / B2B distributor / procurement,Fruits; vegetables,Bulk / B2B,Pune sourcing role evidenced; exact local hub not verified,Multi-state / India,Direct sourcing from farms plus mandis / collection centres,Public professional profile reports 300+ MT/day F&V procurement; WayCool B2B logistics integrates farm-to-store,Not publicly stated,Kiranas; business customers; B2B,Integrated logistics,Not publicly stated,Not publicly stated,https://waycool.in/logistic-distribution-solution,Official company page + public professional profile,2026-08-27,Medium,Strong network lead; local volume evidence from professional profile
B012,Hyperpure (Pune),B2B wholesale platform / foodservice procurement,Fruits; vegetables; food ingredients,Bulk / B2B,Pune,Local farmers + wider sourcing,Fresh produce sourced directly from local farmers,"Wholesale platform serving businesses, restaurants, hotels and bulk buyers",Not publicly stated,Restaurants; hotels; businesses; bulk buyers,Not clearly stated,Not publicly stated,Not publicly stated,https://www.hyperpure.com/ind/pune,Pune marketplace page,2026-08-27,Medium-High,Buyer/procurement network lead
B013,Mangalam Trading Company,Wholesale trader / institutional supplier,Food grains; pulses; spices; flour; sugar; agri commodities,Bulk / B2B,"Gultekdi Market Yard, Pune",Maharashtra & Central India,Direct procurement from verified farmers and mandis,"Supplies wholesalers, retailers, distributors, processors, hotels, restaurants, caterers and institutions",Not publicly stated,Wholesale; retail; foodservice; institutional,Warehouse / distribution,Not publicly stated,Not publicly stated,https://mangalamtradingco.in/,Official company site,2026-08-27,High,Strong grain/pulse buyer-procurement lead
B014,Global Exim Link India Corporation,Exporter / importer / distributor / trader,Onion; banana; tomato; mixed vegetables; processed agri-products,Bulk / export,Pune,Lasalgaon; Niphad; Solapur; India,Direct/area sourcing from farming belts,Fresh produce and value-added agri products; export logistics and quality checks,100 MT MOQ stated (context: shipment trading),International / bulk buyers,Modern packing & logistics, +91-9822137565,sales@globaleximlink.com,https://www.globaleximlink.com/,Official company site,2026-08-27,High,Strong bulk-trade lead; verify Pune-side procurement route
B015,Ekvira Export House,Agri merchant trader / exporter,Fresh fruits; vegetables; grains; spices; beverages,Bulk / export,Pune,India & Middle East,Directly sourced from verified producers across India,20+ export-ready categories; farm-to-port handling; domestic & GCC buyer focus,Not publicly stated,Importers; distributors; commodity buyers,Farm-to-port handling,Not publicly stated,Not publicly stated,https://ekviraexporthouse.com/,Official company site,2026-08-27,Medium-High,Bulk procurement/export lead
B016,BHAMA FARMERS PRODUCER COMPANY LTD,FPC / processor,Not specified in public directory,Processor / bulk buyer lead,"Pimpri Bk, Tal-Khed, Pune 410505",Khed / nearby Pune district,MSAMB buyer-directory registration,Official MSAMB buyer directory lists as Processor; preferred commodities not exposed in public listing,Not publicly stated,Processor / bulk markets,Not publicly stated,02135-224106,N/A,https://fpc.msamb.com/Buyer/ContactBuyer?Length=5,MSAMB official buyer directory,2026-08-27,High,Directory-confirmed; commodity needs validation
B017,BHIMAGHOD AGRO PRODUCER COMPANY LTD,FPC / processor,Not specified in public directory,Processor / bulk buyer lead,"Bhabhulsar Bk, Tal-Shirur, Pune 412211",Shirur / nearby Pune district,MSAMB buyer-directory registration,Official MSAMB buyer directory lists as Processor,Not publicly stated,Processor / bulk markets,Not publicly stated,02138-282240,N/A,https://fpc.msamb.com/Buyer/ContactBuyer?Length=5,MSAMB official buyer directory,2026-08-27,High,Directory-confirmed; commodity needs validation
B018,BHIMAGHOD FARMER PRODUCER COMPANY LTD,FPC / processor,Not specified in public directory,Processor / bulk buyer lead,"Bhimaghod Bk, Tal-Shirur, Pune 412211",Shirur / nearby Pune district,MSAMB buyer-directory registration,Official MSAMB buyer directory lists as Processor,Not publicly stated,Processor / bulk markets,Not publicly stated,02137-282240,N/A,https://fpc.msamb.com/Buyer/ContactBuyer?Length=5,MSAMB official buyer directory,2026-08-27,High,Directory-confirmed; commodity needs validation
B019,BHIMASHANKAR FARMERS PRODUCER COMPANY,FPC / processor,Not specified in public directory,Processor / bulk buyer lead,"Dharakwadi, Post Wada Rajgurunagar (Khed), Pune 412402",Khed / nearby Pune district,MSAMB buyer-directory registration,Official directory lists Processor; local Khed address,02135-228095/228009 (directory text); 02135-228019 (listed landline),Processor / bulk markets,Not publicly stated,02135-228019,N/A,https://fpc.msamb.com/Buyer/ContactBuyer?Length=5,MSAMB official buyer directory,2026-08-27,High,Directory-confirmed; commodity needs validation
B020,BHIMASHANKAR NATURAL FARMER PRODUCER COMPANY LTD,FPC / processor / trader,Not specified in public directory,Processor / trader / bulk buyer lead,"Darakwadi, Khed, Pune 412402",Khed / nearby Pune district,MSAMB buyer-directory registration,"Official directory lists Processor, Trader; source phone field appears malformed, so do not rely on it",Not publicly stated,Processor / trader,Not publicly stated,Not reliably published,N/A,https://fpc.msamb.com/Buyer/ContactBuyer?Length=5,MSAMB official buyer directory,2026-08-27,Medium,Directory-confirmed; needs direct verification
B021,SHREE SATWAJIBABA AGRO PRODUCER COMPANY LTD,FPC / consumer,Not specified in public directory,Consumer / bulk buyer lead,"Wafgaon, Tal-Khed, Pune",Khed / nearby Pune district,MSAMB buyer-directory registration,Official directory lists as Consumer,Not publicly stated,Bulk procurement / local market,Not publicly stated,02135-285235,N/A,https://fpc.msamb.com/Buyer/ContactBuyer?Length=5,MSAMB official buyer directory,2026-08-27,High,Directory-confirmed; commodity needs validation
B022,RAANSHIDORI FARMER PRODUCER COMPANY LIMITED,FPC / multi-role buyer,Not specified in public directory,Consumer / exporter / importer / processor / trader,"Manjari Bk, Tal-Haveli, Pune 412307",Haveli / Manjari / nearby Pune,MSAMB buyer-directory registration,Official directory lists multiple buyer-side business types,02425-41348 (directory); website listed as www.raanshidori.com in one public record,Consumer; exporter; processor; trader,Not publicly stated,02425-41348 (verify),N/A,https://fpc.msamb.com/Buyer/ContactBuyer?Length=5,MSAMB official buyer directory,2026-08-27,Medium,Strong buyer-side lead; contact needs validation
B023,SAMRUDHI SABAL SHETKARI PRODUCER COMPANY,FPC / processor / trader,Not specified in public directory,Processor / trader / bulk buyer lead,"Kambre Budruk, Tal-Bhor, Pune 412206",Bhor / nearby Pune district,MSAMB buyer-directory registration,"Official directory lists Processor, Trader",92220-92232773 (directory formatting; verify),Processor / trader,Not publicly stated,92220-92232773 (verify),N/A,https://fpc.msamb.com/Buyer/ContactBuyer?Length=5,MSAMB official buyer directory,2026-08-27,Medium,Directory-confirmed; needs phone validation
B024,SHRIBHIMASHANKAR AGRO PRODUCER COMPANY LTD,FPC / processor,Not specified in public directory,Processor / bulk buyer lead,"Ranjani, Tal-Ambegaon, Pune 410504",Ambegaon / nearby Pune district,MSAMB buyer-directory registration,Official directory lists Processor,Not reliably published in accessible listing,Processor,Not publicly stated,Not reliably published,N/A,https://fpc.msamb.com/Buyer/ContactBuyer?Length=5,MSAMB official buyer directory,2026-08-27,Medium,Directory-confirmed; commodity/phone validation needed
B025,VIRTUAL AGROFARM PRODUCER COMPANY LTD,FPC / trader,Not specified in public directory,Trader / bulk buyer lead,"A/P Narayangaon, Tal-Junnar, Pune district",Junnar / nearby Pune district,MSAMB buyer-directory registration,Official directory lists Trader,Not publicly stated,Trader / bulk markets,Not publicly stated,Not publicly stated,N/A,https://fpc.msamb.com/Buyer/ContactBuyer?Length=5,MSAMB official buyer directory,2026-08-27,Medium,Directory-confirmed; commodity validation needed
B026,VNF FARMER PRODUCER COMPANY LIMITED,FPC / exporter / processor / trader,Not specified in public directory,Exporter / processor / trader,"Katraj, Pune 411046",Pune,MSAMB buyer-directory registration,"Official directory lists Exporter, Processor, Trader",Not publicly stated,Exporter / processor / trader,Not publicly stated,Not publicly stated,N/A,https://fpc.msamb.com/Buyer/ContactBuyer?Length=5,MSAMB official buyer directory,2026-08-27,Medium,Directory-confirmed; commodity validation needed
B027,SPINGE FOOD CORPORATION,Food trader,Not specified in public directory,Trader / bulk buyer lead,"Hinjewadi, Pune 411057",Pune,MSAMB buyer-directory registration,Official directory lists Trader; public website listed as spinge.in,Not publicly stated,Food trade / bulk markets,Not publicly stated,020-3746454,N/A,https://fpc.msamb.com/Buyer/ContactBuyer?Length=5,MSAMB official buyer directory,2026-08-27,Medium,Directory-confirmed; verify active agri procurement
