Source_ID,Source_Type,Source_Name,URL,Freshness/Date Context,Usage,Caution
SRC01,Official site / solutions,Mulyam Agronomics,https://mulyam.in/,Current,Direct procurement; farmer linkage; Pune presence,Public-source research; verify operational status before treating as active buyer.
SRC02,Official site,Tarkaree Agritech,https://tarkaree.in/,Current,"Direct farm sourcing; Kamthadi, Bhor; B2B",Public-source research; verify operational status before treating as active buyer.
SRC03,Official site / public company profile,Purpelo Fresh,https://purpelo.com/,Current,Direct farmer sourcing; bulk fruit procurement; Gultekdi,Public-source research; verify operational status before treating as active buyer.
SRC04,Official site,IndiaQo Foods,https://indiaqofoods.com/FROZEN%20MIX%20VEGETABLES1.9,Current,Procurement team; frozen vegetables; Pune office,Public-source research; verify operational status before treating as active buyer.
SRC05,Official site,Fruitly Agro Solutions,https://fruitly.in/,Current,Fruit procurement; direct farm sourcing; Pune,Public-source research; verify operational status before treating as active buyer.
SRC06,Official site,Ocean Empire,https://www.oceanempire.in/,Current,Pune exporter; direct source claims,Public-source research; verify operational status before treating as active buyer.
SRC07,Official site,Rainbow Global Exim,https://www.rainbowglobalexim.com/,Current,"Bhor, Pune; direct farmer/local supplier sourcing",Public-source research; verify operational status before treating as active buyer.
SRC08,Company site / public profile,RAJPUT OVERSEAS EXIM,https://www.rajputoverseasexim.com/,Current,Direct farmer/FPO sourcing; bulk/export,Public-source research; verify operational status before treating as active buyer.
SRC09,Official site,Agrinexus,https://agrinexus.in/,Current,FPO sourcing; processing/cold chain planned,Public-source research; verify operational status before treating as active buyer.
SRC10,Official site,Eco Green Trading,https://ecogreentrading.com/,Current,Direct farmer/own farm sourcing; Pune,Public-source research; verify operational status before treating as active buyer.
SRC11,Official logistics page,WayCool,https://waycool.in/logistic-distribution-solution,Current,B2B distribution; farm-to-store,Public-source research; verify operational status before treating as active buyer.
SRC12,Pune marketplace page,Hyperpure Pune,https://www.hyperpure.com/ind/pune,Current,Local farmer sourcing; B2B foodservice,Public-source research; verify operational status before treating as active buyer.
SRC13,Official site,Mangalam Trading Company,https://mangalamtradingco.in/,Current,Direct procurement; Gultekdi; institutional customers,Public-source research; verify operational status before treating as active buyer.
SRC14,Official site,Global Exim Link,https://www.globaleximlink.com/,Current,100 MT MOQ; direct farming-belt sourcing,Public-source research; verify operational status before treating as active buyer.
SRC15,Official site,Ekvira Export House,https://ekviraexporthouse.com/,Current,Direct verified producer sourcing; Pune base,Public-source research; verify operational status before treating as active buyer.
SRC16,Maharashtra State Agricultural Marketing Board,MSAMB Buyer Directory,https://fpc.msamb.com/Buyer/BuyerDirectory,Current,Official buyer directory; multiple Pune-district FPC records,Public-source research; verify operational status before treating as active buyer.
SRC17,Official APMC Pune,APMC Pune,https://apmcpune.in/,Current,"Market-yard/direct-sale ecosystem; useful context, not an individual buyer",Public-source research; verify operational status before treating as active buyer.
SRC18,Marketplace,Farmlovers Pune,https://farmlovers.org/en/market/pune?tab=suppliers,Current,Pune marketplace with farmers/suppliers/buyers; not a verified buyer master,Public-source research; verify operational status before treating as active buyer.
SRC19,Marketplace,KisanMandi,https://kisanmandi.com/,Current,Purchase requirement marketplace; requires record-level verification,Public-source research; verify operational status before treating as active buyer.
SRC20,Marketplace,Go4Fresh,https://go4fresh.com/,Current,Buyer network claims; not individual buyer records,Public-source research; verify operational status before treating as active buyer.
SRC-001,Team PDF,Logistics Data Research Summary – SIH 2026,,Current project planning input,Defines five logistics datasets and core fields,Use as data schema
SRC-002,Government PDF,Consolidated List of State-Wise 408 Approved Cold Chain Projects (as on 31.03.2026),,As of 31-03-2026,Pune/Maharashtra crop cold-chain project evidence,Evidence of project/infrastructure; not proof of current third-party service
SRC-003,Government PDF,NHB Operational Guidelines – Commercial Horticulture / PHM,,Guideline effective from 01-07-2011,"Specialized transport, pack house, cold room, crates",Historical norms only
SRC-004,IIM Ahmedabad report,Assessment of Marketed and Marketable Surplus of Major Foodgrains in India,,2015 report; field data 2011-12,Transport/market-access context,"Context only, not current provider rates"
Project scope,Crop-only logistics,Agricultural crop produce only,,Current,Website / database / AI / presentations,Do not introduce non-crop product categories into the project scope
Automation principle,Backend-first logistics,"Vehicle, storage, route and cost selection happen automatically",,Current,Product requirement,"Expose only ETA, total logistics cost, status and exceptions to end users"
Verification,Historical evidence,"Government project records can indicate infrastructure, not active logistics service",,Current,Data quality,Keep Verification_Status and Last_Verified fields for current providers
Next research task,Current providers,"Research Pune + nearby-village crop transporters, reefer operators, warehouses, cold storages and collection centres",,Next phase,Dataset expansion,Populate current public service and contact information
