commodity,tier,horizon,train_samples,val_samples,test_samples,baseline_val_mae,baseline_test_mae,baseline_test_rmse,baseline_test_mape,xgb_val_mae,xgb_test_mae,xgb_test_rmse,xgb_test_mape,xgb_test_r2,mae_improvement_pct,rmse_improvement_pct,best_params
Potato (Jyoti),TIER_1,Next-Day Price (t+1),9158,1803,1365,113.24,107.5,195.94,7.53,128.74,111.41,175.11,8.11,0.6244,-3.64%,10.63%,"{""n_estimators"": 100, ""max_depth"": 4, ""learning_rate"": 0.03, ""subsample"": 0.8, ""colsample_bytree"": 0.8, ""reg_alpha"": 0.5, ""reg_lambda"": 1.0}"
Potato (Jyoti),TIER_1,3-Day Ahead Price (t+3),9154,1801,1297,133.28,123.63,218.18,8.61,151.07,138.26,221.0,9.97,0.3923,-11.83%,-1.29%,"{""n_estimators"": 100, ""max_depth"": 5, ""learning_rate"": 0.05}"
Potato (Jyoti),TIER_1,7-Day Ahead Price (t+7),9146,1796,1165,156.47,138.02,222.39,9.69,198.19,171.0,228.33,12.32,0.3254,-23.9%,-2.67%,"{""n_estimators"": 100, ""max_depth"": 4, ""learning_rate"": 0.03, ""subsample"": 0.8, ""colsample_bytree"": 0.8, ""reg_alpha"": 0.5, ""reg_lambda"": 1.0}"
Onion (Nashik Red),TIER_1,Next-Day Price (t+1),17272,2266,3050,152.64,94.99,236.09,8.6,196.94,126.13,217.73,13.08,0.4629,-32.78%,7.78%,"{""n_estimators"": 150, ""max_depth"": 4, ""learning_rate"": 0.08, ""subsample"": 0.8, ""colsample_bytree"": 0.8, ""reg_alpha"": 0.5, ""reg_lambda"": 1.5}"
Onion (Nashik Red),TIER_1,3-Day Ahead Price (t+3),17251,2229,2860,237.14,125.46,265.63,11.61,272.83,237.17,337.87,24.2,-0.2958,-89.04%,-27.2%,"{""n_estimators"": 200, ""max_depth"": 6, ""learning_rate"": 0.05, ""subsample"": 0.9, ""colsample_bytree"": 0.9, ""reg_alpha"": 1.0, ""reg_lambda"": 2.0}"
Onion (Nashik Red),TIER_1,7-Day Ahead Price (t+7),17198,2158,2489,336.68,156.51,295.21,14.33,344.6,391.03,472.35,39.14,-1.5323,-149.84%,-60.0%,"{""n_estimators"": 200, ""max_depth"": 6, ""learning_rate"": 0.05, ""subsample"": 0.9, ""colsample_bytree"": 0.9, ""reg_alpha"": 1.0, ""reg_lambda"": 2.0}"
Wheat (Sharbati),TIER_2,Next-Day Price (t+1),5737,0,0,,,,,,,,,,0.0%,0.0%,"{""n_estimators"": 100, ""max_depth"": 5, ""learning_rate"": 0.05}"
Wheat (Sharbati),TIER_2,3-Day Ahead Price (t+3),5565,0,0,,,,,,,,,,0.0%,0.0%,"{""n_estimators"": 100, ""max_depth"": 5, ""learning_rate"": 0.05}"
Wheat (Sharbati),TIER_2,7-Day Ahead Price (t+7),5230,0,0,,,,,,,,,,0.0%,0.0%,"{""n_estimators"": 100, ""max_depth"": 5, ""learning_rate"": 0.05}"
Tomato (Hybrid),TIER_2,Next-Day Price (t+1),655,0,0,,,,,,,,,,0.0%,0.0%,"{""n_estimators"": 100, ""max_depth"": 5, ""learning_rate"": 0.05}"
Tomato (Hybrid),TIER_2,3-Day Ahead Price (t+3),585,0,0,,,,,,,,,,0.0%,0.0%,"{""n_estimators"": 100, ""max_depth"": 5, ""learning_rate"": 0.05}"
Tomato (Hybrid),TIER_2,7-Day Ahead Price (t+7),452,0,0,,,,,,,,,,0.0%,0.0%,"{""n_estimators"": 100, ""max_depth"": 5, ""learning_rate"": 0.05}"
